Project ID,Project Name,Owner,Address,City/State,Latitude,Longitude,Total GLA,Year Built,Lot Size Acres,Parking Count,Parking Ratio / 1000 SF,Tenant Count,Tenant Count 0-3k,Tenant Count 3k-10k,Tenant Count 10k+,Grocery Tenant,Grocery SF,Grocery % GLA,Food,Food %,Hard Goods,Hard Goods %,Service,Service %,Soft Goods,Soft Goods %,Other,Other %,Vacancy,Vacancy %,Source Demographic Radius,5-Mile Population,5-Mile Income,3-Mile Population,3-Mile Income,ADT,Annual Visits,PDF File,PDF Path,Site Plan Page,Site Plan Image Path
118530,Hope Valley Commons,Kimco,"1125 W. NC Hwy 54, Durham, NC","Durham, NC",35.918398,-78.95852,81327,,,283,3.479779163131556,17,14,2,1,Harris Teeter,48505,59.641939331341376,56847,69.89929543693975,0,0,2400,2.951049467,4100,5.041376172734762,16380,20.14091261204766,1600,1.9673663113111268,,,,,,,,118530-hope-valley-commons-marketing-package.pdf,pdfs/118530-hope-valley-commons-marketing-package.pdf,4,site_plan_images/118530-hope-valley-commons-site-plan.png
101240,Center at Missouri,Kimco,"1111 Missouri Ave N, Largo, FL","Largo, FL",27.9264923,-82.7877391,131067,,,800,6.1037484645257765,10,4,2,4,Aldi,20800,15.869746007767018,22000,16.785308277445885,0,0,42911,32.7397438,600,0.4577811348394333,60606,46.24047243013115,4950,3.776694362425325,,,,,,,,101240-center-at-missouri-avenue-marketing-package.pdf,pdfs/101240-center-at-missouri-avenue-marketing-package.pdf,4,site_plan_images/101240-center-at-missouri-site-plan.png
120630,Publix at Princeton,Kimco,"3730 CarMia Drive,  Ste 200, Atlanta, GA","Atlanta, GA",33.655575,-84.5108,68407,,,338,4.941014808426038,11,7,3,1,Publix,45600,66.65984475272998,46807,68.42428406449632,0,0,1560,2.2804683731197097,4800,7.0168257634452615,15240,22.278421798938705,0,0,,,,,,,,120630-publix-at-princeton-lakes-marketing-package.pdf,pdfs/120630-publix-at-princeton-lakes-marketing-package.pdf,4,site_plan_images/120630-publix-at-princeton-site-plan.png
120000,Wellington Green,Kimco,"2635 S State Road 7, Wellington, FL","Wellington, FL",26.641758,-80.205541,125847,,,1082,8.597741702225719,29,22,6,1,Whole Foods Market,49979,39.71409727685205,64701,51.41242937853108,0,0,28425,22.58695082123531,8995,7.147568078698738,17896,14.220442283089785,5830,4.632609438445097,,,,,,,,120000-wellington-green-commons-marketing-package.pdf,pdfs/120000-wellington-green-commons-marketing-package.pdf,4,site_plan_images/120000-wellington-green-site-plan.png
125500,Bedford Marketplace,Kimco,"160 Great Rd, Bedford, MA","Bedford, MA",42.4914772,-71.2737035,153738,,,610,3.9677893559172097,21,8,11,2,Whole Foods Market,40175,26.13212088097933,53061,34.513913281036565,0,0,25424,16.53722566964576,46431,30.201381571244585,21209,13.795548270434116,7613,4.951931208,,,,,,,,125500-bedford-marketplace-marketing-package.pdf,pdfs/125500-bedford-marketplace-marketing-package.pdf,4,site_plan_images/125500-bedford-marketplace-site-plan.png
101110,Belmart Plaza,Kimco,"500 Belvedere Rd, West Palm Beach, FL","West Palm Beach, FL",26.689512,-80.056537,70227,,,302,4.300340324946245,18,14,3,1,Publix,28800,41.009867999487376,37871,53.92655246557592,7689,10.94878038361314,4800,6.834977999914563,2700,3.844675124951941,11767,16.755663776040556,5400,7.689350249903883,,,,,,,,101110-belmart-plaza-marketing-package.pdf,pdfs/101110-belmart-plaza-marketing-package.pdf,4,site_plan_images/101110-belmart-plaza-site-plan.png
116810,Devon Village,Kimco,"821 Lancaster Ave., Devon, PA","Devon, PA",40.0463108,-75.4450327,78591,,,360,4.580677176775967,13,5,6,2,Whole Foods Market,33504,42.63083559186167,49503,62.98812841165019,0,0,15340,19.518774414373148,2592,3.298087567278696,1500,1.90861549,9656,12.286394116374648,,,,,,,,116810-devon-village-marketing-package.pdf,pdfs/116810-devon-village-marketing-package.pdf,4,site_plan_images/116810-devon-village-site-plan.png
102120,Kings Contrivance,Kimco,"8620 Guilford, Columbia, MD","Columbia, MD",39.1699213,-76.8643014,119117,,,522,4.382246027015455,39,33,5,1,Harris Teeter,56905,47.77235826960048,61758,51.84650385755182,0,0,12548,10.534180679499986,6574,5.518943559693411,18495,15.526751009511658,19742,16.573620893743126,,,,,,,,102120-kings-contrivance-marketing-package.pdf,pdfs/102120-kings-contrivance-marketing-package.pdf,5,site_plan_images/102120-kings-contrivance-site-plan.png
100280,Merrick Commons,Kimco,"1686 Merrick Road, Merrick, NY","Merrick, NY",40.6532269,-73.559713,108876,,,527,4.8403688599875085,17,11,2,4,Lidl,31478,28.91178956,42056,38.62742936919064,24836,22.81127153826372,20406,18.742422572467763,1640,1.5063007458025643,9636,8.850435357654579,10302,9.462140416620745,,,,,,,,100280-merrick-commons-marketing-package.pdf,pdfs/100280-merrick-commons-marketing-package.pdf,4,site_plan_images/100280-merrick-commons-site-plan.png
110680,Shawan Plaza,Kimco,"11399 York Rd, Hunt Valley, MD","Hunt Valley, MD",39.4953156,-76.6484469,94653,,,455,4.807032001,18,12,5,1,Giant Food,55330,58.45562211446018,69673,73.60886606869302,0,0,10104,10.67478051,6156,6.503755823904155,10048,10.615617043305548,1250,1.3206131871150413,,,,,,,,110680-shawan-plaza-marketing-package.pdf,pdfs/110680-shawan-plaza-marketing-package.pdf,4,site_plan_images/110680-shawan-plaza-site-plan.png
112950,Doc Stone Commons,Kimco,"317 Worth Avenue, Stafford, VA","Stafford, VA",38.4770365,-77.4169994,101042,,,474,4.691118544763564,6,3,0,3,Giant Food,61500,60.865778587122186,61505,60.87072702440569,35942,35.57134656875359,1200,1.1876249480414085,1200,1.1876249480414085,0,0,0,0,,,,,,,,112950-doc-stone-commons-marketing-package.pdf,pdfs/112950-doc-stone-commons-marketing-package.pdf,4,site_plan_images/112950-doc-stone-commons-site-plan.png
110630,Radcliffe Center,Kimco,"1017 York Rd, Towson, MD","Towson, MD",39.411693,-76.608841,88405,,,436,4.931847746168203,5,1,1,3,Safeway,59180,66.94191505005374,59180,66.94191505005374,0,0,12125,13.715287596855385,0,0,5600,6.334483344,11500,13.008314009388608,,,,,,,,110630-radcliffe-center-marketing-package.pdf,pdfs/110630-radcliffe-center-marketing-package.pdf,4,site_plan_images/110630-radcliffe-center-site-plan.png
116830,Forest Park,Kimco,"27 S Pleasantburg Dr, Ste 10, Greenville, SC","Greenville, SC",34.841538,-82.362618,51103,,,253,4.950785668160382,16,13,2,1,The Fresh Market,20550,40.21290335,21950,42.95246854,0,0,2802,5.483044048,6255,12.239985910807585,20096,39.32450149697669,0,0,,,,,,,,116830-forest-park-marketing-package.pdf,pdfs/116830-forest-park-marketing-package.pdf,4,site_plan_images/116830-forest-park-site-plan.png
117210,Memorial Plaza,Kimco,"730 Memorial Drive, Cambridge, MA","Cambridge, MA",42.3571302,-71.1142734,62555,,,269,4.300215810087123,5,1,2,2,Trader Joe's,11065,17.688434177923426,11065,17.688434177923426,0,0,3391,5.420829669890496,0,0,41724,66.69970426025098,6375,10.191031891935095,,,,,,,,117210-memorial-plaza-marketing-package.pdf,pdfs/117210-memorial-plaza-marketing-package.pdf,4,site_plan_images/117210-memorial-plaza-site-plan.png
110520,Ingleside S.C.,Kimco,"5660 Baltimore National Pike, Baltimore, MD","Baltimore, MD",39.2897667,-76.7306482,114045,,,502,4.401771230654566,16,8,6,2,Safeway; Safeway Gas,56000,49.10342408698321,71457,62.65684598184927,18895,16.56802139506335,4135,3.625761760708493,1160,1.0171423560875092,15148,13.282476215528956,3250,2.849752290762418,,,,,,,,110520-ingleside-sc-marketing-package.pdf,pdfs/110520-ingleside-sc-marketing-package.pdf,4,site_plan_images/110520-ingleside-sc-site-plan.png
120460,North Decatur Station,Kimco,"1555 Church Street, Decatur, GA","Decatur, GA",33.7926195,-84.2842622,88779,,,429,4.832223836718143,24,18,5,1,Whole Foods Market,35097,39.53299766836752,39957,45.00726523164262,4872,5.487784273307876,16251,18.30500456188964,6222,7.008414151995404,17715,19.954043185888555,3762,4.237488595,,,,,,,,120460-north-decatur-station-marketing-package.pdf,pdfs/120460-north-decatur-station-marketing-package.pdf,4,site_plan_images/120460-north-decatur-station-site-plan.png
116880,Wilton River Park S.C.,Kimco,"5 RIver Road, Wilton, CT","Wilton, CT",41.1906553,-73.4308645,95659,,,894,9.345696693,29,25,3,1,Stop & Shop,46764,48.88614767,57899,60.52645333946622,0,0,7778,8.130965199301686,4100,4.286057767695669,19841,20.74138345581701,6041,6.315140237719399,,,,,,,,116880-wilton-river-park-sc-marketing-package.pdf,pdfs/116880-wilton-river-park-sc-marketing-package.pdf,4,site_plan_images/116880-wilton-river-park-sc-site-plan.png
116720,Jetton Village Shoppes,Kimco,"19815 North Cove Road, Cornelius, NC","Cornelius, NC",35.4774913,-80.8941312,80600,,,320,3.970223325062035,14,11,2,1,Harris Teeter,57260,71.04218362282879,58616,72.72456575682382,1200,1.488833746898263,5187,6.435483870967743,3092,3.836228287841191,10851,13.462779156327542,3200,3.970223325062035,,,,,,,,116720-jetton-village-shoppes-marketing-package.pdf,pdfs/116720-jetton-village-shoppes-marketing-package.pdf,4,site_plan_images/116720-jetton-village-shoppes-site-plan.png
125240,Highland Lakes Plaza,Kimco,"33561 US Hwy 19 N, Palm Harbor, FL","Palm Harbor, FL",28.077898,-82.73803,79528,,,359,4.514133387,13,7,3,3,Trader Joe's,13045,16.40302786439996,13045,16.40302786439996,40723,51.20586460114677,7000,8.801931395231868,4750,5.972739161050196,11260,14.158535358615834,2750,3.4579016195553764,,,,,,,,125240-highland-lakes-plaza-marketing-package.pdf,pdfs/125240-highland-lakes-plaza-marketing-package.pdf,4,site_plan_images/125240-highland-lakes-plaza-site-plan.png
118450,Grayson Commons,Kimco,"1911 Grayson Hwy., Grayson, GA","Grayson, GA",33.8977877,-83.9609317,76581,,,344,4.491975816455779,18,16,1,1,Kroger,46581,60.82579229835077,53831,70.29289249,1500,1.9587103850824616,3875,5.060001828129693,2250,2.9380655776236924,13625,17.791619331165695,1500,1.9587103850824616,,,,,,,,118450-grayson-commons-marketing-package.pdf,pdfs/118450-grayson-commons-marketing-package.pdf,4,site_plan_images/118450-grayson-commons-site-plan.png
116730,Grand Oaks Village,Kimco,"5000 Dr. Phillips Blvd, Orlando, FL","Orlando, FL",28.4922,-81.49163,86269,,,469,5.436483557,33,26,6,1,The Fresh Market,18400,21.32863485145301,28576,33.12429725625659,11424,13.242300246902133,11900,13.79406275718972,4060,4.706209646570611,28829,33.41756598546407,1480,1.7155641076168726,,,,,,,,116730-grand-oaks-village-marketing-package.pdf,pdfs/116730-grand-oaks-village-marketing-package.pdf,4,site_plan_images/116730-grand-oaks-village-site-plan.png
113870,Coral Pointe S.C.,Kimco,"1631 Del Prado Blvd, #500, Cape Coral, FL","Cape Coral, FL",26.6192563,-81.9395448,125108,,,466,3.724781788534706,13,8,2,3,Publix,44684,35.71634108130575,47281,37.792147584487005,30165,24.11116795089043,7248,5.793394507145826,34123,27.274834542954885,6291,5.028455414521853,0,0,,,,,,,,113870-coral-pointe-sc-marketing-package.pdf,pdfs/113870-coral-pointe-sc-marketing-package.pdf,4,site_plan_images/113870-coral-pointe-sc-site-plan.png
116750,Woodbridge S.C.,Kimco,"11565 S. Highway 6, Sugar Land, TX","Sugar Land, TX",29.5972129,-95.6188842,96623,,,514,5.319644391087008,20,18,1,1,Kroger; Kroger (Fuel Station),66850,69.18642559225029,72690,75.23053517278495,0,0,3600,3.725820974302184,4833,5.001914658000683,7200,7.451641948604369,8300,8.590087246307816,,,,,,,,116750-woodbridge-sc-marketing-package.pdf,pdfs/116750-woodbridge-sc-marketing-package.pdf,4,site_plan_images/116750-woodbridge-sc-site-plan.png
116820,Davidson Commons,Kimco,"431 Peninsula Drive, Davidson, NC","Davidson, NC",35.5006717,-80.8601562,88801,,,321,3.614824157385615,21,16,4,1,Harris Teeter,48000,54.05344534408396,52658,59.29888176934944,0,0,7822,8.808459364196349,5370,6.0472291978693935,22951,25.845429668584813,0,0,,,,,,,,116820-davidson-commons-marketing-package.pdf,pdfs/116820-davidson-commons-marketing-package.pdf,4,site_plan_images/116820-davidson-commons-site-plan.png
118380,Winter Park Corners,Kimco,"1989 Aloma Avenue, Winter Park, FL","Winter Park, FL",28.6009963,-81.3254137,95211,,,454,4.768356597451975,27,19,6,2,Sprouts Winter Park,30348,31.87446828622743,42552,44.692314963607146,0,0,17393,18.26784720252912,2100,2.205627501024041,22666,23.80607282771949,10500,11.028137505120208,,,,,,,,118380-winter-park-corners-marketing-package.pdf,pdfs/118380-winter-park-corners-marketing-package.pdf,4,site_plan_images/118380-winter-park-corners-site-plan.png
117660,Lincoln Square,Kimco,"1415 Washington Ave., Philadelphia, PA","Philadelphia, PA",39.9381849,-75.1678287,101226,,,415,4.099737221662418,9,5,1,3,Sprouts Farmers Market,32000,31.612431588722263,44232,43.69628356351135,51575,50.950348724635965,2919,2.8836464939837594,0,0,2500,2.4697212178689267,0,0,,,,,,,,117660-lincoln-square-marketing-package.pdf,pdfs/117660-lincoln-square-marketing-package.pdf,4,site_plan_images/117660-lincoln-square-site-plan.png
118000,Phillips Crossing,Kimco,"8003 Turkey Lake Rd., Orlando, FL","Orlando, FL",28.4490531,-81.476549,145644,,,725,4.977891296586196,24,14,7,3,Whole Foods Market,52549,36.08044272335283,68409,46.97000906319519,41390,28.418609760786573,7812,5.363763697783637,6606,4.5357172283101255,16376,11.243854879020075,5051,3.468045370904397,,,,,,,,118000-phillips-crossing-marketing-package.pdf,pdfs/118000-phillips-crossing-marketing-package.pdf,4,site_plan_images/118000-phillips-crossing-site-plan.png
103400,Ives Dairy Crossing,Kimco,"19955 NW 2nd Ave, North Miami Beach, FL","North Miami Beach, FL",25.9285116,-80.2044037,108795,,,743,6.829357966818328,17,9,6,2,Publix,51420,47.26320143388942,55306,50.83505675812307,5560,5.110528976515464,25309,23.26301760191185,2280,2.095684544326485,15840,14.55949262,4500,4.136219495381221,,,,,,,,103400-ives-dairy-crossing-marketing-package.pdf,pdfs/103400-ives-dairy-crossing-marketing-package.pdf,4,site_plan_images/103400-ives-dairy-crossing-site-plan.png
116710,Brennan Station,Kimco,"8111 Creedmoor Rd, Ste 130, Raleigh, NC","Raleigh, NC",35.898631,-78.682193,147261,,,612,4.155886487257319,30,19,7,4,Trader Joe's,14679,9.968015971642185,41942,28.481403766102364,47541,32.28349664880722,11683,7.933532978860662,6672,4.530731150813861,18754,12.735211631049632,1800,1.222319555075682,,,,,,,,116710-brennan-station-marketing-package.pdf,pdfs/116710-brennan-station-marketing-package.pdf,4,site_plan_images/116710-brennan-station-site-plan.png
102560,Kroger Plaza,Kimco,"525 N. Galloway, Mesquite, TX","Mesquite, TX",32.7715483,-96.6005654,79550,,,388,4.877435575109994,10,5,4,1,Kroger,51000,64.11062225015714,54661,68.71275927,12645,15.89566310496543,2800,3.519798868636078,1215,1.5273412947831553,6090,7.655562539,2400,3.016970458830924,,,,,,,,102560-kroger-plaza-marketing-package.pdf,pdfs/102560-kroger-plaza-marketing-package.pdf,4,site_plan_images/102560-kroger-plaza-site-plan.png
120600,Tamiami Trail Shops,Kimco,"13850 SW 8th Street, Miami, FL","Miami, FL",25.7663501,-80.195479,110952,,,471,4.245078953060784,27,20,4,3,Publix,42112,37.95515177734516,48981,44.14611723988752,1600,1.442065037133175,28574,25.753478981902084,7220,6.507318480063451,21677,19.53727738120989,2900,2.61374288,,,,,,,,120600-tamiami-trail-shops-marketing-package.pdf,pdfs/120600-tamiami-trail-shops-marketing-package.pdf,4,site_plan_images/120600-tamiami-trail-shops-site-plan.png
124700,The Gardens at Great,Kimco,"38 Great Neck Road, Great Neck, NY","Great Neck, NY",40.7854294,-73.7268146,126820,,,394,3.11,24,14,6,4,Aldi,20939,16.510802712505914,30499,24.04904589181517,0,0,32670,25.760920990380065,1750,1.379908531777322,23552,18.571203280239708,38349,30.23892130578773,,,,,,,,124700-the-gardens-at-great-neck-marketing-package.pdf,pdfs/124700-the-gardens-at-great-neck-marketing-package.pdf,4,site_plan_images/124700-the-gardens-at-great-site-plan.png
116400,University Town Center,Kimco,"1749 E Nine Mile Rd, Pensacola, FL","Pensacola, FL",30.529592,-87.2243032,101377,,,498,4.912356846227448,21,19,1,1,Publix,61389,60.55515550864594,67789,66.86822454797439,1600,1.578267259832112,7000,6.904919262,5200,5.129368594454363,18388,18.138236483620545,1400,1.380983852353098,,,,,,,,116400-university-town-center-marketing-package.pdf,pdfs/116400-university-town-center-marketing-package.pdf,4,site_plan_images/116400-university-town-center-site-plan.png
116550,The Shops at District,Kimco,"5500 Silver Hill Road, District Heights, MD","District Heights, MD",38.8539108,-76.9126277,90865,,,376,4.138006933362681,13,10,2,1,Giant Food,64333,70.80063830958014,72035,79.27694932042041,0,0,5600,6.16298905,5536,6.092554889121224,3801,4.183128817476476,2500,2.751334397182634,,,,,,,,116550-the-shops-at-district-heights-marketing-package.pdf,pdfs/116550-the-shops-at-district-heights-marketing-package.pdf,4,site_plan_images/116550-the-shops-at-district-site-plan.png
117250,Washington St. Plaza,Kimco,"15 Washington St, Brighton, MA","Brighton, MA",42.3428112,-71.1403575,27550,,,125,4.537205081669692,2,0,1,1,Whole Foods Market,20350,73.86569872958258,20350,73.86569872958258,0,0,0,0,0,0,0,0,7200,26.13430127041742,,,,,,,,117250-washington-st-plaza-marketing-package.pdf,pdfs/117250-washington-st-plaza-marketing-package.pdf,4,site_plan_images/117250-washington-st-plaza-site-plan.png
102130,Harpers Choice,Kimco,"5485 Harpers Farm Rd, Columbia, MD","Columbia, MD",39.2233312,-76.8893644,108489,,,451,4.157103485145959,22,15,6,1,Safeway,55164,50.847551364654485,58306,53.74369751772069,0,0,3400,3.133958281484759,1395,1.2858446478444818,23917,22.04555300537381,14475,13.342366507203495,,,,,,,,102130-harpers-choice-marketing-package.pdf,pdfs/102130-harpers-choice-marketing-package.pdf,4,site_plan_images/102130-harpers-choice-site-plan.png
102350,River Hill Village Center,Kimco,"6050 Daybreak Circle, Clarksville, MD","Clarksville, MD",39.2116291,-76.9356924,105907,,,434,4.097934980690607,20,15,4,1,Giant Food,62943,59.43233214046286,79035,74.62679520711568,0,0,13814,13.043519314115215,2325,2.195322311084253,10733,10.134363167684857,0,0,,,,,,,,102350-river-hill-village-center-marketing-package.pdf,pdfs/102350-river-hill-village-center-marketing-package.pdf,4,site_plan_images/102350-river-hill-village-center-site-plan.png
118090,Sea Ranch Centre,Kimco,"4703 N. Ocean Drive, Sea Ranch Lakes, FL","Sea Ranch Lakes, FL",26.1973322,-80.0969322,98870,,,370,3.742287852735916,41,36,3,2,Publix,28606,28.93294224739557,35805,36.21422069,10000,10.114291493880852,24786,25.069282896733085,2350,2.3768585010620007,15764,15.944169110953776,10165,10.281177303529889,,,,,,,,118090-sea-ranch-centre-marketing-package.pdf,pdfs/118090-sea-ranch-centre-marketing-package.pdf,5,site_plan_images/118090-sea-ranch-centre-site-plan.png
113900,Miller West Plaza,Kimco,"15755 SW 56th Street, Miami, FL","Miami, FL",25.7146823,-80.4486468,63563,,,323,5.081572612998127,11,8,2,1,Publix,44271,69.64900964397526,45391,71.41104101442663,0,0,5288,8.319305256202508,3920,6.167109796579771,8964,14.10254393279109,0,0,,,,,,,,113900-miller-west-plaza-marketing-package.pdf,pdfs/113900-miller-west-plaza-marketing-package.pdf,4,site_plan_images/113900-miller-west-plaza-site-plan.png
117830,Heights Plaza,Kimco,"239 West 20th Street, Houston, TX","Houston, TX",29.8045727,-95.4004585,71277,,,326,4.573705403,10,7,1,2,Kroger,32390,45.44242883398572,34880,48.93584185641932,0,0,0,0,0,0,28263,39.65234227029757,8134,11.411815873283109,,,,,,,,117830-heights-plaza-marketing-package.pdf,pdfs/117830-heights-plaza-marketing-package.pdf,4,site_plan_images/117830-heights-plaza-site-plan.png
113370,Horsham Point,Kimco,"314 Horsham Rd., Horsham, PA","Horsham, PA",40.1822749,-75.1360288,71737,,,407,5.673501819144932,11,8,2,1,Giant Food Supermarket; Giant Fuel Station,48964,68.25487544781633,53064,73.97019669,0,0,4847,6.756624893708965,2100,2.927359660983872,11726,16.34581875461756,0,0,,,,,,,,113370-horsham-point-marketing-package.pdf,pdfs/113370-horsham-point-marketing-package.pdf,4,site_plan_images/113370-horsham-point-site-plan.png
116170,Pompano Pointe S.C.,Kimco,"2411 N Federal Hwy, Pompano Beach, FL","Pompano Beach, FL",26.2101699,-80.1071021,81389,,,436,5.36,5,0,2,3,Whole Foods Market,40100,49.26955731118456,40100,49.26955731118456,20280,24.917372126454435,0,0,11224,13.790561378073203,5748,7.062379437024659,4037,4.960129747263144,,,,,,,,116170-pompano-pointe-sc-marketing-package.pdf,pdfs/116170-pompano-pointe-sc-marketing-package.pdf,4,site_plan_images/116170-pompano-pointe-sc-site-plan.png
110880,Villages at Urbana,Kimco,"3530 Sugarloaf Parkway, Frederick, MD","Frederick, MD",39.3306867,-77.3520265,121655,,,537,4.41,27,19,6,2,Giant Food,56166,46.16826271012289,75764,62.277752661214095,0,0,9699,7.972545312564218,3360,2.761908676174428,31335,25.75726439521598,4579,3.7639225679174713,,,,,,,,110880-villages-at-urbana-marketing-package.pdf,pdfs/110880-villages-at-urbana-marketing-package.pdf,4,site_plan_images/110880-villages-at-urbana-site-plan.png
116610,Centre Court,Kimco,"3755 Old Court Rd, Ste P, Pikesville, MD","Pikesville, MD",39.378696,-76.723956,105223,,,541,5.141461468,19,12,6,1,Giant Food,63529,60.37558328502324,75289,71.55184703,0,0,10366,9.851458331353411,6543,6.218222251789057,8427,8.008705321079992,4598,4.369767066135731,,,,,,,,116610-centre-court-marketing-package.pdf,pdfs/116610-centre-court-marketing-package.pdf,4,site_plan_images/116610-centre-court-site-plan.png
111870,Putty Hill Plaza,Kimco,"7920 Belair Rd, Baltimore, MD","Baltimore, MD",39.3741214,-76.5112191,90830,,,474,5.218540129913024,20,16,3,1,Giant Food,43136,47.49091709787516,47636,52.44522734779258,14040,15.457447979742374,5816,6.403170758559947,1947,2.143564901464274,16138,17.76725751403721,5200,5.724980733237917,,,,,,,,111870-putty-hill-plaza-marketing-package.pdf,pdfs/111870-putty-hill-plaza-marketing-package.pdf,4,site_plan_images/111870-putty-hill-plaza-site-plan.png
110850,York Road Plaza,Kimco,"6340 York Rd, Baltimore, MD","Baltimore, MD",39.3728973,-76.6117992,90903,,,389,4.279286712209718,17,14,2,1,Giant Food,56892,62.58539322134583,65873,72.46515516539608,0,0,16300,17.93120139049316,1155,1.2705851292036563,6420,7.062473185703443,1155,1.2705851292036563,,,,,,,,110850-york-road-plaza-marketing-package.pdf,pdfs/110850-york-road-plaza-marketing-package.pdf,4,site_plan_images/110850-york-road-plaza-site-plan.png
118900,Mendenhall Commons,Kimco,"540 South Mendenhall, Memphis, TN","Memphis, TN",35.116369,-89.8942439,88108,,,290,3.2914150814908973,8,5,2,1,Kroger,74685,84.76528805556816,77725,88.21559903754483,0,0,0,0,4258,4.832705316202842,6125,6.951695646252326,0,0,,,,,,,,118900-mendenhall-commons-marketing-package.pdf,pdfs/118900-mendenhall-commons-marketing-package.pdf,4,site_plan_images/118900-mendenhall-commons-site-plan.png
106740,Greenridge Plaza,Kimco,"3231 Richmond Ave, Staten Island, NY","Staten Island, NY",40.5603232,-74.1691436,97959,,,374,3.817923825273839,22,15,5,2,Aldi,21317,21.761144968813483,29331,29.94211864147245,0,0,40449,41.29176492205923,5500,5.6145938606968215,20639,21.06901867107668,2040,2.0825039046948213,,,,,,,,106740-greenridge-plaza-marketing-package.pdf,pdfs/106740-greenridge-plaza-marketing-package.pdf,4,site_plan_images/106740-greenridge-plaza-site-plan.png
102060,Dorsey's Search Village,Kimco,"4715 Dorsey Hall Drive, Ellicott City, MD","Ellicott City, MD",39.2433272,-76.8429194,86456,,,442,5.112427130563524,18,14,3,1,Giant Food,55000,63.61617470158231,66589,77.02068104006662,0,0,6090,7.044045526047932,1946,2.250855926714167,10619,12.282548348292774,1212,1.4018691588785046,,,,,,,,102060-dorseys-search-village-center-marketing-package.pdf,pdfs/102060-dorseys-search-village-center-marketing-package.pdf,4,site_plan_images/102060-dorseys-search-village-site-plan.png
113930,Riverside Landings,Kimco,"1801 E Broadway St, Oviedo, FL","Oviedo, FL",28.6611393,-81.1784097,78093,,,463,5.9288284481323545,20,17,2,1,Publix,44270,56.68881974056573,54070,69.23795986836208,0,0,12994,16.639135389855685,4200,5.378202912,5429,6.951967525898609,1400,1.7927343039709065,,,,,,,,113930-riverside-landings-marketing-package.pdf,pdfs/113930-riverside-landings-marketing-package.pdf,4,site_plan_images/113930-riverside-landings-site-plan.png
110700,Shrewsbury Square S.C.,Kimco,"14635 Mt Airy Rd, Shrewsbury, PA","Shrewsbury, PA",39.7727662,-76.6694647,94706,,,566,5.976390091,15,11,3,1,Giant Food Supermarket,61185,64.60519925,67066,70.81494308702722,0,0,5600,5.913036132874369,3700,3.906827444934851,15320,16.176377420649164,3020,3.188815914514392,,,,,,,,110700-shrewsbury-square-sc-marketing-package.pdf,pdfs/110700-shrewsbury-square-sc-marketing-package.pdf,4,site_plan_images/110700-shrewsbury-square-sc-site-plan.png
115710,Corsica Square S.C.,Kimco,"15771 SW 152nd St, Miami, FL","Miami, FL",25.6264082,-80.4485695,60280,,,299,4.960185799601858,11,10,0,1,Publix,45600,75.64698076,50240,83.34439283344392,0,0,4340,7.199734571997346,4300,7.133377571333775,1400,2.3224950232249504,0,0,,,,,,,,115710-corsica-square-sc-marketing-package.pdf,pdfs/115710-corsica-square-sc-marketing-package.pdf,4,site_plan_images/115710-corsica-square-sc-site-plan.png
BRX001,23rd Street Station,Brixmor,"650 West 23rd Street | Panama City, FL 32405","Panama City, FL",30.191,-85.6695,98827,,,,,21,17,4,1,Publix; Publix Liquor,49214,49.79813208940877,67287,68.08564461129045,10338,10.460704058607464,6585,6.663158853349794,10129,10.249223390369028,0,0,1277,1.2921570016291093,,,,,,,,23rd Street Station - Property Brochure.pdf,pdfs/23rd Street Station - Property Brochure.pdf,2,site_plan_images/brx001-23rd-street-station-site-plan.png
BRX002,Acme Clark,Brixmor,"Raritan Road and Commerce Place | Clark, NJ 07066","Clark, NJ",40.6279,-74.3166,52812,,,,,1,0,0,1,Acme Markets,52812,100,52812,100,0,0,0,0,0,0,0,0,0,0,,,,,,,,Acme Clark - Property Brochure.pdf,pdfs/Acme Clark - Property Brochure.pdf,2,site_plan_images/brx002-acme-clark-site-plan.png
BRX003,Carrollwood Center,Brixmor,"10025-10235 N. Dale Mabry Highway | Tampa, FL 33618","Tampa, FL",28.0417,-82.504,92678,,,,,25,23,4,2,Publix,27887,30.0902048,42062,45.38509678672393,0,0,13901,14.999244696691772,21641,23.35074127624679,1550,1.6724573253630852,8203,8.851075767711862,,,,,,,,Carrollwood Center - Property Brochure.pdf,pdfs/Carrollwood Center - Property Brochure.pdf,2,site_plan_images/brx003-carrollwood-center-site-plan.png
BRX004,Chelsea Place,Brixmor,"1302-1420 Seven Springs Boulevard | New Port Richey, FL 34655","New Port Richey, FL",28.1789,-82.6976,81144,,,,,12,16,1,1,Publix,48890,60.25091196,52790,65.05718229320713,0,0,9504,11.71251109139308,3125,3.851178152420388,8500,10.475204574583456,7225,8.903923888395939,,,,,,,,Chelsea Place - Property Brochure.pdf,pdfs/Chelsea Place - Property Brochure.pdf,2,site_plan_images/brx004-chelsea-place-site-plan.png
BRX005,Circle Center,Brixmor,"70 Pope Avenue | Hilton Head Island, SC 29928","Hilton Head Island, SC",32.1449,-80.7556,65313,,,,,9,9,2,1,Publix,48124,73.68211535222697,55584,85.10403748105277,0,0,0,0,1200,1.837306508658307,6000,9.186532543291534,5660,8.665962365838348,,,,,,,,Circle Center - Property Brochure.pdf,pdfs/Circle Center - Property Brochure.pdf,2,site_plan_images/brx005-circle-center-site-plan.png
BRX006,Cosby Station,Brixmor,"3316 Highway 5 | Douglasville, GA 30135","Douglasville, GA",33.715,-84.7662,77811,,,,,9,10,1,1,Publix,56077,72.06821657606251,59072,75.91728675894154,0,0,2760,3.547056329,4281,5.501792805644446,3988,5.125239362043927,7710,9.908624745,,,,,,,,Cosby Station - Property Brochure.pdf,pdfs/Cosby Station - Property Brochure.pdf,2,site_plan_images/brx006-cosby-station-site-plan.png
BRX007,Eastlake Plaza,Brixmor,"2203 Roswell Rd | Marietta, GA 30062","Marietta, GA",33.9706,-84.4896,56176,,,,,9,6,2,1,DashMart,6400,11.392765593847908,8630,15.362432355454288,0,0,5100,9.078610082597551,1200,2.1361435488464826,40046,71.28667046,0,0,,,,,,,,Eastlake Plaza - Site Plan.pdf,pdfs/Eastlake Plaza - Site Plan.pdf,1,site_plan_images/brx007-eastlake-plaza-site-plan.png
BRX008,Grand Crossing,Brixmor,"9864-9870 E. Grand River | Brighton, MI 48116","Brighton, MI",42.5208,-83.7654,85389,,,,,13,11,4,1,,0,0,5760,6.745599550293363,11833,13.857756853927322,3600,4.215999718933352,0,0,58036,67.96659991333779,6160,7.214043963508181,,,,,,,,Grand Crossing - Property Brochure.pdf,pdfs/Grand Crossing - Property Brochure.pdf,2,site_plan_images/brx008-grand-crossing-site-plan.png
BRX009,Highridge Plaza,Brixmor,"1789 Central Park Avenue | Yonkers, NY 10710","Yonkers, NY",40.9605,-73.8423,88501,,,,,27,26,2,1,,0,0,7325,8.276742635676433,0,0,4125,4.660964282889459,3825,4.321985062,69476,78.50306776194618,3750,4.237240257172235,,,,,,,,Highridge Plaza - Property Brochure.pdf,pdfs/Highridge Plaza - Property Brochure.pdf,2,site_plan_images/brx009-highridge-plaza-site-plan.png
BRX010,Keith Bridge Commons,Brixmor,"2655 Freedom Parkway | Cumming, GA 30041","Cumming, GA",34.2509,-84.0906,94886,,,,,17,15,3,1,Kroger,54139,57.05688931981536,61639,64.96111123,0,0,6665,7.024218535927323,1500,1.5808443816790676,18932,19.95236388929873,3225,3.3988154206099948,,,,,,,,Keith Bridge Commons - Property Brochure.pdf,pdfs/Keith Bridge Commons - Property Brochure.pdf,2,site_plan_images/brx010-keith-bridge-commons-site-plan.png
BRX011,Kings Park Plaza,Brixmor,"38-72 Indian Head Road | Kings Park, NY 11754","Kings Park, NY",40.8821,-73.2549,72208,,,,,11,9,1,2,,0,0,5756,7.971415909594505,0,0,5432,7.522712165,28608,39.61887879,30812,42.67117216928872,1600,2.215820961666297,,,,,,,,Kings Park Plaza - Property Brochure.pdf,pdfs/Kings Park Plaza - Property Brochure.pdf,2,site_plan_images/brx011-kings-park-plaza-site-plan.png
BRX012,Lake St. Charles,Brixmor,"6913 US Highway 301 | Riverview, FL 33578","Riverview, FL",27.8806,-82.3281,61015,,,,,7,6,0,1,Winn-Dixie,46295,75.87478488896173,51015,83.61058756043596,0,0,1600,2.6223059903302466,1600,2.6223059903302466,1600,2.6223059903302466,0,0,,,,,,,,Lake St. Charles - Property Brochure.pdf,pdfs/Lake St. Charles - Property Brochure.pdf,2,site_plan_images/brx012-lake-st-charles-site-plan.png
BRX013,Lunenburg Crossing,Brixmor,"301 Massachusetts Avenue | Lunenburg, MA 01462","Lunenburg, MA",42.5949,-71.7588,25515,,,,,3,4,3,0,,0,0,0,0,7500,29.394473838918284,0,0,1500,5.878894767783657,6000,23.515579071134628,10515,41.21105232216343,,,,,,,,Lunenburg Crossing - Site Plan.pdf,pdfs/Lunenburg Crossing - Site Plan.pdf,1,site_plan_images/brx013-lunenburg-crossing-site-plan.png
BRX014,Lynn Marketplace,Brixmor,"43 State Street | Lynn, MA 01901","Lynn, MA",42.4622,-70.9498,78225,,,,,13,7,4,2,,0,0,1700,2.173218280600831,0,0,10695,13.67209971236817,3967,5.071268775966763,61863,79.08341323106424,0,0,,,,,,,,Lynn Marketplace - Property Brochure.pdf,pdfs/Lynn Marketplace - Property Brochure.pdf,2,site_plan_images/brx014-lynn-marketplace-site-plan.png
BRX015,Martin Downs Town Center,Brixmor,"2750 SW Martin Downs Blvd | Palm City, FL 34990","Palm City, FL",27.1713,-80.2907,64546,,,,,6,5,0,1,Publix Liquor; Publix,57546,89.15502122517275,57546,89.15502122517275,0,0,1400,2.168995754965451,5600,8.675983019861803,0,0,0,0,,,,,,,,Martin Downs Town Center - Property Brochure.pdf,pdfs/Martin Downs Town Center - Property Brochure.pdf,2,site_plan_images/brx015-martin-downs-town-center-site-plan.png
BRX016,Milestone Plaza,Brixmor,"3619 Pelham Road | Greenville, SC 29615","Greenville, SC",34.8612,-82.2687,89721,,,,,9,4,4,1,Lowe's Foods,59039,65.80287781,66161,73.74081876,6000,6.687397599224262,15310,17.06400954068724,0,0,2250,2.5077740997090983,0,0,,,,,,,,Milestone Plaza - Property Brochure.pdf,pdfs/Milestone Plaza - Property Brochure.pdf,2,site_plan_images/brx016-milestone-plaza-site-plan.png
BRX017,Moorland Square Shopping Ctr,Brixmor,"15445 W National Avenue | New Berlin, WI 53151","New Berlin, WI",42.9763,-88.106,98303,,,,,14,13,4,1,Pick 'n Save,59674,60.70414941558243,66016,67.15563105907246,0,0,5296,5.387424595383661,7055,7.176790128,14698,14.951730872913338,5238,5.328423344150229,,,,,,,,Moorland Square Shopping Ctr - Property Brochure.pdf,pdfs/Moorland Square Shopping Ctr - Property Brochure.pdf,2,site_plan_images/brx017-moorland-square-shopping-ctr-site-plan.png
BRX018,Nashboro Village,Brixmor,"2284 Murfreesboro Road | Nashville, TN 37217","Nashville, TN",36.0884,-86.6482,86811,,,,,11,8,3,1,Kroger,61224,70.52562463282302,67711,77.99817995415327,0,0,0,0,1400,1.612698851528032,13500,15.551024639734596,4200,4.838096554584097,,,,,,,,Nashboro Village - Property Brochure.pdf,pdfs/Nashboro Village - Property Brochure.pdf,2,site_plan_images/brx018-nashboro-village-site-plan.png
BRX019,Normandy Square,Brixmor,"7900 Normandy Boulevard | Jacksonville, FL 32221","Jacksonville, FL",30.294,-81.7801,89822,,,,,10,5,3,3,Winn-Dixie; Larry's Giant Subs,49660,55.287123421878825,54010,60.13003496,20561,22.890828527532232,6300,7.013871879940327,1400,1.5586381955422948,1050,1.1689786466567211,3919,4.3630736345216095,,,,,,,,Normandy Square - Property Brochure.pdf,pdfs/Normandy Square - Property Brochure.pdf,2,site_plan_images/brx019-normandy-square-site-plan.png
BRX020,North Penn Market Place,Brixmor,"1551 S Valley Forge Road | Lansdale, PA 19446","Lansdale, PA",40.2298,-75.3124,58358,,,,,3,3,0,1,Weis Markets,46324,79.37900544912438,46324,79.37900544912438,0,0,1575,2.698858768292265,0,0,1601,2.7434113574831214,2000,3.427122245450496,,,,,,,,North Penn Market Place - Property Brochure.pdf,pdfs/North Penn Market Place - Property Brochure.pdf,2,site_plan_images/brx020-north-penn-market-place-site-plan.png
BRX021,Park Plaza,Brixmor,"3251 Highway 5 | Douglasville, GA 30135","Douglasville, GA",33.7198,-84.7654,46670,,,,,17,15,4,1,NAP01 Kroger,49296,105.6267409470752,50796,108.84079708592242,0,0,9050,19.39147203771159,6744,14.450396400257125,14800,31.71202056995929,8800,18.855796014570387,,,,,,,,Park Plaza - Property Brochure.pdf,pdfs/Park Plaza - Property Brochure.pdf,2,site_plan_images/brx021-park-plaza-site-plan.png
BRX022,Parkway Plaza - Carle Place,Brixmor,"215 Glen Cove Road | Carle Place, NY 11514","Carle Place, NY",40.7477,-73.6161,89834,,,,,20,18,1,2,ALDI,21093,23.479974174588687,32288,35.94184829797181,0,0,6530,7.268962753523164,36986,41.17149408909767,6450,7.179909611060401,3980,4.430393837522542,,,,,,,,Parkway Plaza - Carle Place - Property Brochure.pdf,pdfs/Parkway Plaza - Carle Place - Property Brochure.pdf,2,site_plan_images/brx022-parkway-plaza-carle-place-site-plan.png
BRX023,Pilgrim Gardens,Brixmor,"4911 Township Line Road | Drexel Hill, PA 19026","Drexel Hill, PA",39.9549,-75.3241,75223,,,,,18,16,4,1,,0,0,2600,3.456389668053654,18642,24.78231392,13329,17.71931457134121,24090,32.02477965515867,11162,14.838546721082649,5400,7.178655464419127,,,,,,,,Pilgrim Gardens - Property Brochure.pdf,pdfs/Pilgrim Gardens - Property Brochure.pdf,2,site_plan_images/brx023-pilgrim-gardens-site-plan.png
BRX024,Roanoke Plaza,Brixmor,"1080-1140 Old Country Road | Riverhead, NY 11901","Riverhead, NY",40.9332,-72.6771,99131,,,,,15,8,4,4,Fine Fare Supermarkets,15000,15.131492671313715,23700,23.90775842067567,0,0,13090,13.204749271166436,40276,40.62906658865542,12616,12.726594102752925,6299,6.354218155773673,,,,,,,,Roanoke Plaza - Property Brochure.pdf,pdfs/Roanoke Plaza - Property Brochure.pdf,2,site_plan_images/brx024-roanoke-plaza-site-plan.png
BRX025,Roseville Center,Brixmor,"1135 Larpenteur Avenue W | Roseville, MN 55113","Roseville, MN",44.9929,-93.1494,82576,,,,,14,6,7,2,ALDI,24556,29.73745398178648,34869,42.226554931214885,17292,20.940709164890524,5000,6.055028095330362,2943,3.563989536911452,19272,23.33850029064135,1000,1.2110056190660723,,,,,,,,Roseville Center - Property Brochure.pdf,pdfs/Roseville Center - Property Brochure.pdf,2,site_plan_images/brx025-roseville-center-site-plan.png
BRX026,Ross Plaza,Brixmor,"8404 West Hillsborough Avenue | Tampa, FL 33615","Tampa, FL",27.9959,-82.5797,84707,,,,,17,9,7,2,,0,0,13868,16.371728428583236,12409,14.649320599242094,4070,4.804797714,38008,44.869963521314645,17200,20.30528763856588,1290,1.5228965728924408,,,,,,,,Ross Plaza - Property Brochure.pdf,pdfs/Ross Plaza - Property Brochure.pdf,2,site_plan_images/brx026-ross-plaza-site-plan.png
BRX027,Salem Road Station,Brixmor,"13015 Brown Bridge Road | Covington, GA 30016","Covington, GA",33.5774,-83.9648,67270,,,,,13,12,1,1,Publix,44270,65.80942470640701,50770,75.47197859372677,0,0,1300,1.932510777463952,3900,5.797532332391854,8700,12.93295674148952,2600,3.865021554927903,,,,,,,,Salem Road Station - Property Brochure.pdf,pdfs/Salem Road Station - Property Brochure.pdf,2,site_plan_images/brx027-salem-road-station-site-plan.png
BRX028,Shoppes at Vestal,Brixmor,"2317 Vestal Parkway East | Vestal, NY 13850","Vestal, NY",42.0949,-76.0159,92328,,,,,1,1,0,0,,0,0,0,0,0,0,0,0,0,0,2622,2.839875227449961,0,0,,,,,,,,Shoppes at Vestal - Property Brochure.pdf,pdfs/Shoppes at Vestal - Property Brochure.pdf,2,site_plan_images/brx028-shoppes-at-vestal-site-plan.png
BRX029,Shoppes of Victoria Square,Brixmor,"247-295 Port St. Lucie Boulevard | Port St. Lucie, FL 34984","Port St. Lucie, FL",27.2752,-80.3549,95186,,,,,19,18,4,1,ALDI,44000,46.22528523102137,49037,51.51702981530898,9504,9.984661609900614,4184,4.395604395604396,2580,2.7104826340007984,22284,23.41100582018364,5371,5.642636522177631,,,,,,,,Shoppes of Victoria Square - Property Brochure.pdf,pdfs/Shoppes of Victoria Square - Property Brochure.pdf,2,site_plan_images/brx029-shoppes-of-victoria-square-site-plan.png
BRX030,Shops of Huntcrest,Brixmor,"1030-1032 Old Peachtree Road, NW | Lawrenceville, GA 30043","Lawrenceville, GA",33.9991,-84.0684,97040,,,,,22,22,3,0,,0,0,9100,9.377576257,0,0,9550,9.841302555647156,2500,2.576257213520198,15475,15.947032151690024,6075,6.260305028854081,,,,,,,,Shops of Huntcrest - Property Brochure.pdf,pdfs/Shops of Huntcrest - Property Brochure.pdf,2,site_plan_images/brx030-shops-of-huntcrest-site-plan.png
BRX031,Silver Lake,Brixmor,"18085 Silver Pkwy | Fenton, MI 48430","Fenton, MI",42.7928,-83.7393,78418,,,,,5,2,2,1,,0,0,0,0,0,0,0,0,2400,3.0605218189701344,74902,95.51633553520875,0,0,,,,,,,,Silver Lake - Property Brochure.pdf,pdfs/Silver Lake - Property Brochure.pdf,2,site_plan_images/brx031-silver-lake-site-plan.png
BRX032,Slater Street,Brixmor,"110 Slater St | Manchester, CT 06042","Manchester, CT",41.8078,-72.5357,51370,,,,,6,1,3,2,,0,0,7342,14.292388553630522,10888,21.19525014599961,4640,9.032509247,20000,38.93322951138797,8500,16.546622542339886,0,0,,,,,,,,Slater Street - Property Brochure.pdf,pdfs/Slater Street - Property Brochure.pdf,2,site_plan_images/brx032-slater-street-site-plan.png
BRX033,South Plaza Shopping Center,Brixmor,"45205-45250 Worth Avenue | California, MD 20619","California, MD",38.2972,-76.5102,92335,,,,,4,0,0,4,,0,0,0,0,13800,14.945578599664266,0,0,43800,47.435966859803976,20000,21.66025884009314,0,0,,,,,,,,South Plaza Shopping Center - Property Brochure.pdf,pdfs/South Plaza Shopping Center - Property Brochure.pdf,2,site_plan_images/brx033-south-plaza-shopping-center-site-plan.png
BRX034,Stratford Commons,Brixmor,"150 Stratford Commons Court | Winston-Salem, NC 27103","Winston-Salem, NC",36.0669,-80.3048,72308,,,,,3,0,3,3,,0,0,0,0,0,0,0,0,15000,20.744592576201804,27250,37.68600984676661,30058,41.56939757703159,,,,,,,,Stratford Commons - Property Brochure.pdf,pdfs/Stratford Commons - Property Brochure.pdf,2,site_plan_images/brx034-stratford-commons-site-plan.png
BRX035,Sweetwater Village,Brixmor,"3030 Bankhead Highway | Austell, GA 30168","Austell, GA",33.798,-84.6411,66197,,,,,11,10,1,2,Food Depot,38547,58.230735531821686,39747,60.04350650331586,10950,16.541535114884358,3200,4.834055923984471,4700,7.100019638352191,4950,7.477680257413478,2650,4.003202562,,,,,,,,Sweetwater Village - Property Brochure.pdf,pdfs/Sweetwater Village - Property Brochure.pdf,2,site_plan_images/brx035-sweetwater-village-site-plan.png
BRX036,The Fresh Market Shoppes,Brixmor,"890 William Hilton Parkway | Hilton Head Island, SC 29928","Hilton Head Island, SC",32.1696,-80.7394,86398,,,,,17,12,5,2,The Fresh Market,21017,24.325794578578208,24768,28.667330262274582,9408,10.88914095233686,3857,4.464223709,2360,2.731544711683141,42045,48.66432093335494,3960,4.583439431468321,,,,,,,,The Fresh Market Shoppes - Property Brochure.pdf,pdfs/The Fresh Market Shoppes - Property Brochure.pdf,2,site_plan_images/brx036-the-fresh-market-shoppes-site-plan.png
BRX037,Three Village Shopping Center,Brixmor,"1365-1384 Route 25A | East Setauket, NY 11733","East Setauket, NY",40.9362,-73.1091,77458,,,,,12,16,2,1,,0,0,4900,6.326008933873842,7800,10.069973404942033,4913,6.342792222882078,1200,1.5492266776833896,9170,11.838673861963905,49475,63.87332489865476,,,,,,,,Three Village Shopping Center - Property Brochure.pdf,pdfs/Three Village Shopping Center - Property Brochure.pdf,2,site_plan_images/brx037-three-village-shopping-center-site-plan.png
BRX038,Tinton Falls Plaza,Brixmor,"980 Shrewsbury Ave | Tinton Falls, NJ 07724","Tinton Falls, NJ",40.312,-74.0672,87760,,,,,13,6,5,2,,0,0,6603,7.523928896991795,19456,22.16955332725616,0,0,10627,12.109161349134002,51074,58.19735642661805,0,0,,,,,,,,Tinton Falls Plaza - Property Brochure.pdf,pdfs/Tinton Falls Plaza - Property Brochure.pdf,2,site_plan_images/brx038-tinton-falls-plaza-site-plan.png
BRX039,Unity Plaza,Brixmor,"829 NY-82 | Hopewell Junction, NY 12533","Hopewell Junction, NY",41.5798,-73.8121,67462,,,,,9,6,2,1,Acme Markets,47580,70.52859387507041,47580,70.52859387507041,6400,9.486822211,5200,7.708043046455783,3200,4.743411106,1393,2.064866146867866,0,0,,,,,,,,Unity Plaza - Property Brochure.pdf,pdfs/Unity Plaza - Property Brochure.pdf,2,site_plan_images/brx039-unity-plaza-site-plan.png
BRX040,Village Square Shopping Center,Brixmor,"1262 Boston Post Road | Larchmont, NY 10538","Larchmont, NY",40.9383,-73.7462,17000,,,,,4,4,0,1,Trader Joe's,12400,72.94117647058823,13272,78.07058823529411,0,0,0,0,1762,10.364705882352942,0,0,1966,11.56470588235294,,,,,,,,Village Square Shopping Center - Property Brochure.pdf,pdfs/Village Square Shopping Center - Property Brochure.pdf,2,site_plan_images/brx040-village-square-shopping-center-site-plan.png
BRX041,West Center,Brixmor,"198-250 Route 25A | East Setauket, NY 11733","East Setauket, NY",40.9375,-73.1093,42594,,,,,11,10,1,1,,0,0,3600,8.451894633046908,0,0,13509,31.715734610508523,1350,3.1694604873925907,21661,50.85458045734141,1600,3.756397614687515,,,,,,,,West Center - Property Brochure.pdf,pdfs/West Center - Property Brochure.pdf,2,site_plan_images/brx041-west-center-site-plan.png
BRX042,Whitemarsh Shopping Center,Brixmor,"10 E Ridge Pike | Conshohocken, PA 19428","Conshohocken, PA",40.0934,-75.2853,76391,,,,,9,7,4,0,,0,0,9786,12.810409603225512,0,0,11503,15.05805658,0,0,0,0,5100,6.6761791310494685,,,,,,,,Whitemarsh Shopping Center - Property Brochure.pdf,pdfs/Whitemarsh Shopping Center - Property Brochure.pdf,2,site_plan_images/brx042-whitemarsh-shopping-center-site-plan.png
TJ_BURLINGTON,Petco / Trader Joe’s center,Unknown,"51 Middlesex Turnpike, Burlington, MA","Burlington, MA",42.4737937,-71.2116342,73906,1964,6.86,231,3.125591968175791,3,0,0,3,Trader Joe’s,15267,20.65732146239818,15267,20.65732146239818,58639,79.34267853760181,0,0,0,0,0,0,0,0,,,,,,,,,,,site_plan_images/TJ_Petco.png
TJ_ACTON,Brookside Shops,Crosspoint Associates,"145 Great Road, Acton, MA 01720","Acton, MA",42.4838745,-71.4148194,75529,2001,10.34,310,4.104383746640363,7,0,0,0,Trader Joe’s,,,,,,,,,,,,,,,5 Mile,70599,138175,,,,,,,,site_plan_images/TJ_Acton.png
TJ_NEWTON,Newton Nexus,Crosspoint Associates,"165 Needham St, Newton, MA 02464 US","Newton, MA",42.3121235,-71.2137288,83655,1955,7.63,515,6.156236925467694,16,0,0,0,Trader Joe’s,,,,,,,,,,,,,,,5 Mile,430514,207671,,,,,,,,site_plan_images/TJ_Newton.png
TJ_CAMBRIDGE_FRESH_POND,Alewife Brook Parkway Shopping Center,Linear Retail Properties,"211 Alewife Brook Pkwy, Cambridge, MA 02138","Cambridge, MA",42.3899301,-71.1433772,47000,2009,1.89,225,4.787234042553192,6,0,0,1,Trader Joe’s,14000,29.78723404255319,14000,29.78723404255319,0,0,0,0,0,0,0,0,0,0,5 Mile,,169576,,,21998,,,,,site_plan_images/TJ_Cambridge_Fresh_Pond.png
TJ_FRAMINGHAM,Staples Plaza,The Hamilton Company,"659 Worcester Rd, Framingham, MA 01701","Framingham, MA",42.2990907,-71.4247688,38300,1996,7.5,223,5.822454308093995,4,1,1,2,Trader Joe’s,13024,34.00522193211488,17443,45.54308093994778,19857,51.84595300261097,1000,2.6109661,0,0,0,0,0,0,5 Mile,145502,103909,,,,,,,,site_plan_images/TJ_Framingham.png
TJ_HYANNIS,Christmas Tree Promenade / 655 Iyannough Rd Plaza,CTS FIDUCIARY LLC TR (c/o Turtle Rock LLC),"655 Iyannough Road Rt 132, Unit 4-A, Hyannis, MA 02601","Hyannis, MA",41.666074,-70.291643,72480,1989,9.15,,,5,2,0,3,Trader Joe’s,12845,17.7221302,14201,19.59299116997792,58279,80.40700883002208,0,0,0,0,0,0,0,0,5 Mile,48889,92215,,,,,,,,site_plan_images/TJ_Hyannis.png
TJ_MILFORD,Granite Heights Marketplace,Unknown,"230 Fortune Blvd, Milford, MA 01757","Milford, MA",42.1607109,-71.5018572,97095,2017,16.4,,,4,0,1,3,Trader Joe’s,21903,22.5583192,28257,29.10242545960142,28000,28.83773623770534,0,0,0,0,0,0,40838,42.05983830269323,,,,,,,,,,,site_plan_images/TJ_Milford.png
TJ_SOMERVILLE,Assembly Square,federalrealty,"145 Middlesex Ave, Somerville, MA 02145 US","Somerville, MA",42.3954311,-71.0829423,319000,1975,21,1106,3.4670846394984327,13,2,2,9,Trader Joe's,17886,5.6068966,20019,6.2755486,290765,91.1489028,8514,2.6689655,0,0,0,0,0,0,5 Mile,960777,113994,,,,,,,,site_plan_images/TJ_Somerville.png
TJ_PEABODY,Peabody Place,Chase Properties,"300 Andover St, Peabody, MA 01960","Peabody, MA",42.5493386,-70.9545331,242787,1984,15.88,,,17,5,7,5,Trader Joe’s,12400,5.1073575,26746,11.01624057301255,187341,77.16269816752956,18634,7.6750403,10066,4.146021,0,0,0,0,5 Mile,197319,89935,,,,,30-LeasingKit.pdf,pdfs/30-LeasingKit.pdf,,site_plan_images/TJ_Peabody.png
TJ_SAUGUS,Shops at Saugus,Regency Centers,"334 Broadway / Route 1, Saugus, MA 01906","Saugus, MA",42.483633,-71.018139,94393,2008,10.62,,,19,12,4,3,Trader Joe’s,11000,11.65340650260082,25988,27.53170256269003,41959,44.45138940387528,21393,22.66375684637632,5053,5.3531512,0,0,0,0,3 Mile,96939,149844,,,115030,2375181,Property-Brochure-Shops-at-Saugus.pdf,pdfs/Property-Brochure-Shops-at-Saugus.pdf,,site_plan_images/TJ_Saugus.png
TJ_SHREWSBURY,77 Boston Turnpike Retail / Medical Space,Eastern Retail Properties,"77 Boston Turnpike, Shrewsbury, MA 01545","Shrewsbury, MA",42.2754264,-71.7512608,72313,1988,8.81,377,5.213447098032166,13,8,3,2,Trader Joe’s,13338,18.44481628476207,42878,59.29500919613347,2360,3.2635902,17855,24.69127266190035,0,0,6507,8.998382,0,0,5 Mile,249845,84875,,,35375,,Shrewsbury_MA_77_Boston_Tpke_3.pdf,pdfs/Shrewsbury_MA_77_Boston_Tpke_3.pdf,,site_plan_images/TJ_Shrewsbury.png
REG001,Aldi Square,Regency Centers,"70-78 Pershing Dr, Derby, CT 06418","Derby, CT",41.3306001,-73.0848279,37791,,,,,7,4,3,1,ALDI,19069,50.45910401947553,21433,56.714561668122045,3200,8.467624566695774,7534,19.935963589214364,0,0,1424,3.768092932,4200,11.113757243788204,3 Mile,,,53878,107378,17583,1021303,Property-Brochure-Aldi-Square.pdf,pdfs/Property-Brochure-Aldi-Square.pdf,2,site_plan_images/reg001-aldi-square-site-plan.png
REG002,Anastasia Plaza,Regency Centers,"1033 A1A Beach Blvd, St. Augustine, FL 32080","St. Augustine, FL",29.8611172,-81.2773854,102551,,,,,24,19,4,1,PUBLIX LIQUORS; PUBLIX,57064,55.64450858597185,71856,70.06855125742314,0,0,2814,2.7440005460697603,7633,7.443125859328529,20248,19.744322337178573,0,0,3 Mile,,,25590,122688,60461,2124457,Property-Brochure-Anastasia-Plaza.pdf,pdfs/Property-Brochure-Anastasia-Plaza.pdf,2,site_plan_images/reg002-anastasia-plaza-site-plan.png
REG003,Armonk Square,Regency Centers,"400-402 Main St & 17 Maple Ave, Armonk, NY 10504","Armonk, NY",41.126014,-73.713062,47526,,,,,9,6,3,1,DECICCO & SONS,21000,44.18634010857215,23325,49.07839919202121,0,0,3191,6.714219585069225,1410,2.966797121575558,7650,16.096452468122713,1950,4.103017295795985,3 Mile,,,14377,359968,,0,Property-Brochure-Armonk-Square.pdf,pdfs/Property-Brochure-Armonk-Square.pdf,2,site_plan_images/reg003-armonk-square-site-plan.png
REG004,Ashburn Farm Village Center,Regency Centers,"43761 Parkhurst Plaza, Ashburn, VA 20147","Ashburn, VA",39.0291477,-77.4863604,91620,,,,,12,7,3,2,,0,0,2924,3.1914429163938003,0,0,34802,37.98515607945863,2400,2.619515389652914,45260,49.39969438987121,0,0,3 Mile,,,97664,217629,20519,1308986,Property-Brochure-Ashburn-Farm-Village-Center.pdf,pdfs/Property-Brochure-Ashburn-Farm-Village-Center.pdf,2,site_plan_images/reg004-ashburn-farm-village-center-site-plan.png
REG005,Cashmere Corners,Regency Centers,"870 St. Lucie W Blvd, Port St. Lucie, FL 34986","Port St. Lucie, FL",27.3167103,-80.3775805,87868,,,,,14,10,3,1,Walmart,45880,52.21468566,62296,70.89725497,0,0,21504,24.47307325,1050,1.19497428,1053,1.1984,1965,2.2363090089679973,3 Mile,,,79422,100452,54374,1951828,Property-Brochure-Cashmere-Corners.pdf,pdfs/Property-Brochure-Cashmere-Corners.pdf,2,site_plan_images/reg005-cashmere-corners-site-plan.png
REG006,Fellsway Plaza,Regency Centers,"630-760 Fellsway, Medford, MA 02155","Medford, MA",42.409006,-71.085375,158004,,,,,20,8,11,3,STOP & SHOP,61054,38.6407939,73554,46.55198602567024,0,0,27517,17.41538189,6402,4.051796157059314,46460,29.40431887800309,6893,4.362547783600415,3 Mile,,,375326,156787,55581,3689518,Property-Brochure-Fellsway-Plaza.pdf,pdfs/Property-Brochure-Fellsway-Plaza.pdf,2,site_plan_images/reg006-fellsway-plaza-site-plan.png
REG007,John's Creek Center,Regency Centers,"2845 County Rd 210 W, St. Augustine, FL 32092","St. Augustine, FL",30.058207,-81.53144,82007,,,,,17,15,1,1,PUBLIX,45747,55.78426231907032,52747,64.32011901,0,0,13000,15.852305291011742,1400,1.7071713390320338,10101,12.317241211116125,0,0,3 Mile,,,32565,182097,34500,1723796,Property-Brochure-Johns-Creek-Center.pdf,pdfs/Property-Brochure-Johns-Creek-Center.pdf,2,site_plan_images/reg007-john-s-creek-center-site-plan.png
REG008,Oakleaf Commons,Regency Centers,"1075 Oakleaf Plantation Pkwy, Orange Park, FL 32065","Orange Park, FL",30.1615051,-81.8358882,76517,,,,,14,12,1,1,PUBLIX,45600,59.59459989283428,48400,63.25391743011357,0,0,2800,3.6593175372792976,2800,3.6593175372792976,17018,22.240809231935387,0,0,3 Mile,,,52179,119311,23000,1261881,Property-Brochure-Oakleaf-Commons.pdf,pdfs/Property-Brochure-Oakleaf-Commons.pdf,2,site_plan_images/reg008-oakleaf-commons-site-plan.png
REG009,Powers Ferry Village,Regency Centers,"6300 Powers Ferry Road, Atlanta, GA 30339","Atlanta, GA",33.8724288,-84.3955115,68896,,,,,8,6,0,2,PUBLIX,47955,69.60491175104505,50125,72.75458662,0,0,2560,3.715745471435207,0,0,14807,21.491813748258245,0,0,3 Mile,,,69270,181996,19000,874084,Property-Brochure-Powers-Ferry-Village.pdf,pdfs/Property-Brochure-Powers-Ferry-Village.pdf,2,site_plan_images/reg009-powers-ferry-village-site-plan.png
REG010,Star's at Cambridge,Regency Centers,"699 Mount Auburn Street, Cambridge, MA 02138","Cambridge, MA",42.3753822,-71.1490818,66108,,,,,1,0,0,1,STAR MARKET,66108,100,66108,100,0,0,0,0,0,0,0,0,0,0,3 Mile,,,394913,176444,13534,860514,Property-Brochure-Stars-at-Cambridge.pdf,pdfs/Property-Brochure-Stars-at-Cambridge.pdf,2,site_plan_images/reg010-star-s-at-cambridge-site-plan.png
REG011,Star's at West Roxbury,Regency Centers,"75-77 Spring Street, West Roxbury, MA 02132","West Roxbury, MA",42.2771305,-71.1645881,75932,,,,,9,6,3,1,STAR MARKET,54928,72.33840804930728,55920,73.64484012010747,0,0,9360,12.326818732550176,2625,3.457040509929937,2804,3.6927777485118263,3109,4.094452931570353,3 Mile,,,127761,186321,16864,1053525,Property-Brochure-Stars-at-West-Roxbury.pdf,pdfs/Property-Brochure-Stars-at-West-Roxbury.pdf,2,site_plan_images/reg011-star-s-at-west-roxbury-site-plan.png
REG012,Twin City Plaza,Regency Centers,"14-22 McGrath Hwy, Somerville, MA 02143","Somerville, MA",42.3805091,-71.0900269,285130,,,,,17,6,3,9,STAR MARKET,62500,21.919826044260518,81294,28.511205415073825,11070,3.8824395889594223,41057,14.399396766387262,101064,35.44488478939431,34065,11.94718198716375,16580,5.814891453021429,3 Mile,,,506989,173055,44236,2909943,Property-Brochure-Twin-City-Plaza.pdf,pdfs/Property-Brochure-Twin-City-Plaza.pdf,2,site_plan_images/reg012-twin-city-plaza-site-plan.png
